image,race
image108.jpg,middle eastern
image134.jpg,white
image120.jpg,white
image63.jpg,white
image77.jpg,middle eastern
image88.jpg,white
image89.jpg,asian
image76.jpg,white
image62.jpg,middle eastern
image121.jpg,asian
image135.jpg,white
image109.jpg,white
image123.jpg,white
image137.jpg,white
image74.jpg,white
image60.jpg,white
image48.jpg,white
image49.jpg,white
image61.jpg,white
image75.jpg,white
image136.jpg,white
image122.jpg,white
image126.jpg,white
image132.jpg,white
image8.jpg,asian
image59.jpg,white
image71.jpg,white
image65.jpg,white
image64.jpg,latino hispanic
image70.jpg,asian
image58.jpg,white
image9.jpg,asian
image133.jpg,white
image127.jpg,middle eastern
image131.jpg,white
image125.jpg,asian
image119.jpg,middle eastern
image66.jpg,white
image72.jpg,white
image99.jpg,white
image98.jpg,white
image73.jpg,white
image67.jpg,white
image118.jpg,white
image124.jpg,white
image130.jpg,white
image143.jpg,black
image14.jpg,middle eastern
image28.jpg,asian
image29.jpg,white
image15.jpg,white
image142.jpg,white
image140.jpg,white
image17.jpg,middle eastern
image16.jpg,white
image141.jpg,asian
image145.jpg,white
image12.jpg,white
image13.jpg,latino hispanic
image150.jpg,white
image144.jpg,white
image146.jpg,middle eastern
image39.jpg,white
image11.jpg,middle eastern
image10.jpg,white
image38.jpg,white
image147.jpg,white
image21.jpg,latino hispanic
image35.jpg,white
image34.jpg,white
image20.jpg,middle eastern
image149.jpg,asian
image36.jpg,middle eastern
image22.jpg,indian
image23.jpg,white
image37.jpg,white
image148.jpg,middle eastern
image33.jpg,white
image27.jpg,white
image26.jpg,asian
image32.jpg,asian
image18.jpg,white
image24.jpg,middle eastern
image30.jpg,white
image31.jpg,white
image25.jpg,middle eastern
image19.jpg,white
image129.jpg,white
image115.jpg,white
image101.jpg,latino hispanic
image7.jpg,white
image42.jpg,white
image56.jpg,white
image81.jpg,white
image95.jpg,white
image94.jpg,asian
image80.jpg,white
image57.jpg,white
image43.jpg,white
image6.jpg,white
image100.jpg,white
image114.jpg,white
image128.jpg,white
image102.jpg,middle eastern
image4.jpg,white
image116.jpg,white
image55.jpg,white
image41.jpg,white
image69.jpg,white
image96.jpg,white
image82.jpg,white
image83.jpg,white
image97.jpg,white
image68.jpg,middle eastern
image40.jpg,white
image54.jpg,white
image117.jpg,white
image5.jpg,white
image103.jpg,white
image107.jpg,white
image1.jpg,white
image113.jpg,white
image78.jpg,white
image50.jpg,asian
image44.jpg,asian
image93.jpg,white
image87.jpg,white
image86.jpg,white
image92.jpg,white
image45.jpg,white
image51.jpg,white
image79.jpg,latino hispanic
image112.jpg,white
image106.jpg,white
image110.jpg,white
image104.jpg,asian
image2.jpg,latino hispanic
image138.jpg,white
image47.jpg,white
image53.jpg,white
image84.jpg,white
image90.jpg,white
image91.jpg,white
image85.jpg,latino hispanic
image52.jpg,middle eastern
image46.jpg,asian
image139.jpg,latino hispanic
image3.jpg,middle eastern
image105.jpg,white
image111.jpg,white
